yearID,G,AB,R,H,2B,3B,HR,RBI,SB,CS,BB,SO,IBB,HBP,SH,SF,GIDP
1871,19.965217391304346,94.10434782608695,23.121739130434783,26.965217391304346,3.773913043478261,2.0782608695652174,0.40869565217391307,15.504347826086956,3.8347826086956522,1.0695652173913044,3.417391304347826,1.5217391304347827,,,,,
1872,21.19871794871795,100.50641025641026,21.73076923076923,28.762820512820515,3.6346153846153846,0.8910256410256411,0.22435897435897437,13.48076923076923,1.6282051282051282,0.7564102564102564,1.5833333333333333,1.6153846153846154,,,,,
1873,28.824,135.792,28.64,39.384,4.448,1.664,0.368,18.712,1.4,0.792,2.576,1.944,,,,,
1874,34.13821138211382,155.3170731707317,28.211382113821138,42.48780487804878,5.146341463414634,1.5772357723577235,0.3252032520325203,18.284552845528456,1.8373983739837398,0.7398373983739838,1.91869918699187,2.8048780487804876,,,,,
1875,28.665137614678898,123.08715596330275,19.422018348623855,31.24770642201835,3.8486238532110093,1.2522935779816513,0.1834862385321101,12.431192660550458,2.885321100917431,1.4678899082568808,1.1422018348623852,3.096330275229358,,,,,
1876,37.87096774193548,162.26612903225808,24.725806451612904,43.04838709677419,5.104838709677419,1.4596774193548387,0.3225806451612903,16.0,,,2.7096774193548385,4.75,,,,,
1877,33.47422680412371,140.89690721649484,21.030927835051546,38.1958762886598,4.443298969072165,2.1030927835051547,0.24742268041237114,14.536082474226804,0.0,0.0,3.556701030927835,7.484536082474227,0.0,0.0,0.0,,
1878,41.4875,170.55,23.8,44.2375,6.0125,1.65,0.2875,16.6375,,,4.55,13.5125,,,,,
1879,45.62992125984252,190.1968503937008,26.84251968503937,48.59055118110236,7.543307086614173,2.4960629921259843,0.4566929133858268,18.559055118110237,,,4.0,14.511811023622048,,,,,
1880,45.60740740740741,180.0074074074074,23.637037037037036,44.044444444444444,7.2592592592592595,2.4296296296296296,0.45925925925925926,16.45925925925926,,,5.481481481481482,14.762962962962963,,,,,
1881,46.09090909090909,184.67424242424244,25.954545454545453,48.02272727272727,8.090909090909092,2.303030303030303,0.5757575757575758,18.848484848484848,,,7.825757575757576,13.515151515151516,,,,,
1882,41.05179282868526,165.9003984063745,24.282868525896415,41.179282868525895,6.46215139442231,2.4860557768924303,0.7091633466135459,20.91823899371069,0.0,0.0,6.330677290836653,17.134920634920636,0.0,0.0,0.0,,
1883,50.26148409893993,203.78798586572438,31.908127208480565,52.39575971731449,8.787985865724382,3.3427561837455833,0.8409893992932862,15.978798586572438,0.0,,8.219081272084805,21.63157894736842,,,,,
1884,35.588235294117645,139.7851662404092,21.40920716112532,34.00639386189258,5.140664961636829,1.9641943734015346,0.8823529411764706,10.882222222222222,0.0,,6.326086956521739,25.95808383233533,,1.6537102473498233,,,
1885,45.668555240793204,177.69121813031163,26.322946175637394,43.35694050991501,6.212464589235127,2.73371104815864,0.9150141643059491,18.379603399433428,0.0,,10.0,18.43646408839779,,1.9186046511627908,,,
1886,54.18518518518518,207.76923076923077,32.7977207977208,51.20797720797721,7.632478632478633,3.2905982905982905,1.1766381766381766,23.472934472934472,9.239316239316238,,15.823361823361823,25.745454545454546,,1.6612903225806452,,,
1887,57.531531531531535,224.42642642642642,40.28228228228228,60.76276276276276,9.273273273273274,4.198198198198198,1.8198198198198199,31.21021021021021,19.054054054054053,,18.177177177177178,17.30674846625767,,2.24024024024024,,,
1888,56.25356125356125,214.92592592592592,30.27920227920228,51.282051282051285,6.982905982905983,3.0028490028490027,1.4843304843304843,22.894586894586894,14.985754985754985,,13.467236467236468,22.71590909090909,,2.3475783475783474,,,
1889,58.42690058479532,223.61988304093566,37.97076023391813,58.78947368421053,8.81578947368421,3.1666666666666665,1.9502923976608186,29.9093567251462,14.08187134502924,,21.391812865497077,22.423976608187136,,2.219298245614035,,,
1890,51.23130434782609,196.54782608695652,33.61739130434783,51.14086956521739,7.2956521739130435,3.2886956521739132,1.3217391304347825,25.570434782608697,11.92,0.0,20.349565217391305,19.034782608695654,0.0,2.332173913043478,0.0,0.0,0.0
1891,50.455882352941174,190.66666666666666,31.04656862745098,48.39705882352941,6.465686274509804,3.1127450980392157,1.4362745098039216,24.495098039215687,10.22549019607843,0.0,19.737745098039216,18.794117647058822,0.0,2.4215686274509802,0.0,0.0,0.0
1892,54.725806451612904,206.05161290322582,30.283870967741937,50.41935483870968,6.474193548387097,3.2580645161290325,1.3451612903225807,23.741935483870968,10.325806451612904,0.0,19.929032258064517,19.238709677419354,0.0,1.8096774193548386,0.0,0.0,0.0
1893,51.26223776223776,198.94405594405595,36.06643356643357,55.63986013986014,7.681818181818182,3.660839160839161,1.6083916083916083,29.916083916083917,9.622377622377622,0.0,21.47902097902098,11.681818181818182,0.0,2.234265734265734,0.0,0.0,0.0
1894,50.6530612244898,194.3639455782313,39.72108843537415,60.074829931972786,9.299319727891156,4.377551020408164,2.13265306122449,33.62925170068027,10.58843537414966,0.0,19.75170068027211,11.238095238095237,0.0,2.0476190476190474,0.0,0.0,0.0
1895,49.14098360655738,185.4950819672131,34.3672131147541,54.96065573770492,7.891803278688524,3.259016393442623,1.5868852459016394,28.78360655737705,9.468852459016393,0.0,16.724590163934426,11.809836065573771,0.0,2.1901639344262294,3.2557377049180327,0.0,0.0
1896,50.735593220338984,188.37627118644068,32.389830508474574,54.69830508474576,7.342372881355932,3.406779661016949,1.3694915254237288,27.257627118644066,10.36271186440678,0.0,16.454237288135594,11.938983050847458,0.0,2.1559322033898307,3.942372881355932,0.0,0.0
1897,54.378571428571426,201.92142857142858,34.0,58.925,8.282142857142857,3.442857142857143,1.3107142857142857,28.564285714285713,9.628571428571428,,16.84285714285714,,,2.664285714285714,4.035714285714286,,
1898,53.51393188854489,193.99690402476782,28.263157894736842,52.4922600619195,6.464396284829721,2.7863777089783284,0.9256965944272446,23.622291021671828,6.405572755417957,0.0,15.764705882352942,,0.0,2.678018575851393,4.1671826625387,0.0,0.0
1899,49.979885057471265,180.21264367816093,27.721264367816094,50.882183908045974,6.301724137931035,2.896551724137931,1.0057471264367817,22.93103448275862,7.660919540229885,0.0,14.28735632183908,,0.0,2.4885057471264367,3.7902298850574714,0.0,0.0
1900,55.758974358974356,200.6769230769231,30.42051282051282,56.02564102564103,7.343589743589743,3.112820512820513,1.3025641025641026,25.25128205128205,8.646153846153846,,15.558974358974359,,,2.6307692307692307,4.133333333333334,,
1901,50.66019417475728,187.14805825242718,26.87621359223301,50.866504854368934,7.114077669902913,3.004854368932039,1.104368932038835,22.174757281553397,6.919902912621359,0.0,13.264563106796116,,0.0,2.0145631067961167,4.058252427184466,0.0,0.0
1902,45.96923076923077,167.378021978022,21.712087912087913,44.65494505494505,6.21978021978022,2.1604395604395603,0.7824175824175824,18.12087912087912,5.885714285714286,0.0,11.945054945054945,,0.0,1.5648351648351648,4.026373626373626,0.0,0.0
1903,52.82,188.5975,24.72,49.44,7.585,2.9025,0.8375,20.36,6.8375,,13.4225,,,1.8225,5.0475,,
1904,58.039408866995075,203.17241379310346,22.911330049261085,50.1551724137931,7.022167487684729,2.8423645320197046,0.8152709359605911,18.694581280788178,6.847290640394089,0.0,13.74384236453202,,0.0,1.9137931034482758,5.4655172413793105,0.0,0.0
1905,58.37346437346437,201.0909090909091,23.675675675675677,49.877149877149876,7.022113022113022,2.751842751842752,0.8304668304668305,19.4987714987715,7.2063882063882065,0.0,15.206388206388207,,0.0,2.0098280098280097,6.152334152334152,0.0,0.0
1906,54.59038901601831,183.20594965675056,20.304347826086957,45.17620137299771,6.022883295194508,2.2974828375286043,0.597254004576659,16.60411899313501,6.855835240274599,0.0,14.116704805491992,,0.0,1.665903890160183,6.173913043478261,0.0,0.0
1907,54.44843049327354,180.05381165919283,19.48878923766816,44.17040358744394,5.538116591928251,2.1524663677130045,0.547085201793722,15.86322869955157,6.226457399103139,0.0,13.679372197309418,,0.0,1.65695067264574,5.786995515695067,0.0,0.0
1908,53.51063829787234,171.6595744680851,17.908510638297873,41.01914893617021,5.368085106382979,2.129787234042553,0.5680851063829787,14.514893617021277,5.814893617021276,0.0,12.46808510638298,,0.0,1.6404255319148937,6.872340425531915,0.0,0.0
1909,46.56353591160221,148.45672191528544,16.195211786372006,36.19705340699816,4.8968692449355435,1.8453038674033149,0.47697974217311234,13.121546961325967,5.620626151012892,0.0,11.979742173112339,,0.0,1.4069981583793738,5.738489871086556,0.0,0.0
1910,48.02230483271376,151.56691449814127,17.797397769516728,37.79182156133829,5.232342007434944,2.1561338289962824,0.671003717472119,14.605947955390334,6.068773234200743,0.0,13.78996282527881,16.723484848484848,0.0,1.470260223048327,5.613382899628252,0.0,0.0
1911,46.026455026455025,145.08112874779542,19.68430335097002,38.64902998236332,5.758377425044092,2.3333333333333335,0.9065255731922398,16.433862433862434,6.0017636684303355,0.0,13.82363315696649,16.8943661971831,0.0,1.4885361552028218,5.08641975308642,0.0,0.0
1912,41.34444444444444,130.22063492063492,17.72222222222222,34.98253968253968,5.322222222222222,2.1507936507936507,0.7015873015873015,14.834920634920636,5.373015873015873,0.0,12.195238095238095,15.738095238095237,0.0,1.138095238095238,4.388888888888889,0.0,0.0
1913,43.95454545454545,131.84415584415584,16.16883116883117,34.125,4.983766233766234,2.0551948051948052,0.762987012987013,13.555194805194805,5.275974025974026,0.0,11.797077922077921,15.069805194805195,0.0,1.1396103896103895,4.125,0.0,0.0
1914,51.46289308176101,154.19748427672957,18.27672955974843,39.15597484276729,5.817610062893082,2.187421383647799,0.8930817610062893,15.376100628930818,5.7522012578616355,8.670886075949367,14.016352201257861,18.562264150943395,0.0,1.2465408805031446,5.2679245283018865,0.0,0.0
1915,50.56658291457286,152.89447236180905,17.855527638190956,38.266331658291456,5.693467336683417,2.222361809045226,0.7977386934673367,15.051507537688442,5.158291457286432,7.178947368421053,13.969849246231156,17.613065326633166,0.0,1.2751256281407035,5.5791457286432165,0.0,0.0
1916,49.100884955752214,144.99646017699115,15.732743362831858,35.902654867256636,5.300884955752212,2.0194690265486726,0.6778761061946903,13.306194690265487,4.872566371681416,13.483870967741936,12.523893805309735,16.87433628318584,0.0,1.1347517730496455,5.007079646017699,0.0,0.0
1917,52.49418604651163,159.02131782945736,17.344961240310077,39.51744186046512,5.637596899224806,2.205426356589147,0.6492248062015504,14.645348837209303,4.676356589147287,0.0,13.391472868217054,16.82170542635659,0.0,1.122093023255814,5.967054263565892,0.0,0.0
1918,41.82411067193676,133.03359683794466,14.588932806324111,33.76482213438735,4.590909090909091,1.7490118577075098,0.4644268774703557,12.25296442687747,3.930830039525692,0.0,11.361660079051383,11.709486166007904,0.0,0.9110671936758893,4.83399209486166,0.0,0.0
1919,44.43071161048689,139.83333333333334,16.232209737827716,36.749063670411985,5.47191011235955,1.9625468164794007,0.8370786516853933,13.904494382022472,3.8895131086142323,0.0,11.202247191011235,12.825842696629213,0.0,0.9943820224719101,5.089887640449438,0.0,0.0
1920,51.353398058252424,163.45242718446602,20.897087378640776,45.19417475728155,7.0077669902912625,2.4563106796116503,1.2233009708737863,18.139805825242718,3.3398058252427183,3.0349514563106794,13.242718446601941,14.071844660194175,0.0,1.0893203883495146,5.906796116504855,0.0,0.0
1921,51.71730769230769,163.7923076923077,22.93846153846154,47.65769230769231,7.655769230769231,2.623076923076923,1.801923076923077,20.596153846153847,2.8596153846153847,2.5326923076923076,13.167307692307693,13.382692307692308,0.0,1.0596153846153846,5.742307692307692,0.0,0.0
1922,53.19688109161793,166.3664717348928,23.502923976608187,47.978557504873294,7.688109161793372,2.4327485380116958,2.056530214424951,21.02729044834308,2.828460038986355,2.270955165692008,14.138401559454191,13.54775828460039,0.0,1.165692007797271,5.766081871345029,0.0,0.0
1923,51.96415094339623,160.80943396226414,22.4,45.69433962264151,7.4,2.1547169811320757,1.849056603773585,20.128301886792453,2.956603773584906,2.3735849056603775,14.269811320754718,13.247169811320754,0.0,1.1415094339622642,5.156603773584906,0.0,0.0
1924,50.480804387568554,154.78244972577696,21.418647166361975,44.37111517367459,7.460694698354661,2.1480804387568555,1.6380255941499087,19.387568555758683,2.7440585009140768,2.279707495429616,13.46252285191956,12.13345521023766,0.0,1.0109689213893966,4.9451553930530165,0.0,0.0
1925,50.22800718132854,153.37881508078993,22.608617594254937,44.72890484739677,7.786355475763016,2.1023339317773786,2.098743267504488,20.506283662477557,2.4919210053859966,1.9802513464991023,13.903052064631957,11.96588868940754,0.0,0.8886894075403949,4.587073608617594,0.0,0.0
1926,53.70152091254753,159.22433460076044,21.754752851711025,44.68631178707224,7.8745247148288975,2.199619771863118,1.6406844106463878,19.863117870722434,2.423954372623574,1.9230769230769231,14.644486692015208,12.884030418250951,0.0,0.9201520912547528,6.083650190114068,0.0,0.0
1927,51.6728280961183,156.12014787430684,21.715341959334566,44.288354898336415,7.66728280961183,2.1256931608133085,1.7042513863216266,19.88539741219963,2.656192236598891,1.825,13.761552680221811,12.733826247689464,0.0,0.8909426987060998,5.883548983364141,0.0,0.0
1928,52.63962264150943,159.39622641509433,21.9811320754717,44.78490566037736,7.967924528301887,2.147169811320755,2.0622641509433963,20.260377358490565,2.3943396226415095,1.79182156133829,14.462264150943396,13.394339622641509,0.0,0.8566037735849057,5.632075471698113,0.0,0.0
1929,52.59056603773585,160.77358490566039,24.054716981132074,46.49433962264151,8.456603773584906,2.2,2.5452830188679245,22.252830188679244,2.5075471698113208,1.8566037735849057,15.079245283018867,13.173584905660377,0.0,0.7679245283018868,5.118867924528302,0.0,0.0
1930,52.97928436911488,163.03389830508473,25.7909604519774,48.20527306967985,8.95668549905838,2.414312617702448,2.9472693032015065,24.0,2.0338983050847457,1.4738675958188154,14.414312617702448,14.941619585687382,0.0,0.768361581920904,4.907721280602637,0.0,0.0
1931,54.59724950884087,170.18467583497053,23.361493123772103,47.24165029469548,8.856581532416502,2.1021611001964637,2.100196463654224,21.707269155206287,2.137524557956778,1.7587548638132295,15.086444007858546,15.508840864440078,0.0,0.7485265225933202,2.8231827111984282,0.0,0.0
1932,52.787476280834916,165.43074003795067,22.986717267552184,45.74193548387097,8.688804554079697,2.03415559772296,2.57685009487666,21.417457305502847,1.8785578747628084,1.490909090909091,14.324478178368121,14.94876660341556,0.0,0.6963946869070209,2.806451612903226,0.0,0.0
1933,56.264765784114054,173.56822810590631,22.380855397148675,46.78004073319756,8.034623217922608,1.969450101832994,2.1731160896130346,20.792260692464357,1.7515274949083504,1.504,14.95723014256619,15.160896130346233,0.0,0.714867617107943,3.4582484725050917,0.0,4.333333333333333
1934,53.06717850287908,164.89635316698656,23.030710172744723,45.99232245681382,8.280230326295586,1.692898272552783,2.579654510556622,21.53358925143954,1.744721689059501,1.1797752808988764,15.076775431861805,16.18426103646833,0.0,0.6564299424184261,2.7927063339731286,0.0,3.6528301886792454
1935,53.42495126705653,168.49317738791424,23.44249512670565,46.927875243664715,8.31384015594542,1.9239766081871346,2.5828460038986356,21.746588693957115,1.7212475633528266,1.2230483271375465,15.270955165692008,15.602339181286549,0.0,0.7446393762183235,3.0194931773879143,0.0,3.5271317829457365
1936,54.53033268101761,171.50293542074365,25.13894324853229,48.65557729941292,8.749510763209393,1.9158512720156555,2.6692759295499022,23.34637964774951,1.8845401174168297,1.2355212355212355,16.47358121330724,16.11545988258317,0.0,0.8082191780821918,2.7690802348336594,0.0,3.7849056603773583
1937,52.61406844106464,163.4277566539924,22.9467680608365,45.18821292775665,8.015209125475286,1.8954372623574145,2.7186311787072244,21.307984790874524,1.94106463878327,1.2435424354243543,16.05133079847909,17.11216730038023,0.0,0.6121673003802282,2.699619771863118,0.0,3.5276752767527677
1938,51.37358490566038,160.40188679245284,22.58301886792453,43.949056603773585,7.633962264150943,1.7641509433962264,2.7830188679245285,21.20188679245283,1.6905660377358491,1.2037037037037037,16.286792452830188,15.726415094339623,0.0,0.6566037735849056,2.5547169811320756,0.0,3.7338129496402876
1939,48.70811744386874,146.59585492227978,20.511226252158895,40.36442141623489,7.14853195164076,1.5820379965457685,2.4956822107081176,19.067357512953368,1.6528497409326426,1.1815068493150684,14.642487046632125,14.682210708117443,0.0,0.6096718480138169,3.785837651122625,0.0,3.3592400690846285
1940,52.11275415896488,158.97042513863215,21.382624768946396,42.517560073937155,7.580406654343808,1.7171903881700554,2.9038817005545288,19.7818853974122,1.7615526802218116,1.2758620689655173,15.292051756007394,16.726432532347506,0.0,0.6617375231053605,2.3401109057301293,0.0,3.3733826247689462
1941,48.6786941580756,147.51546391752578,19.189003436426116,38.713058419243985,6.8006872852233675,1.4896907216494846,2.2869415807560136,17.740549828178693,1.5154639175257731,1.1176470588235294,15.268041237113403,15.164948453608247,0.0,0.5360824742268041,2.4604810996563575,0.0,3.211340206185567
1942,51.265306122448976,155.34508348794063,18.54359925788497,39.28756957328386,6.450834879406308,1.3413729128014842,1.9870129870129871,17.04452690166976,1.782931354359926,1.407942238267148,15.571428571428571,15.445269016697589,0.0,0.6289424860853432,2.732838589981447,0.0,3.2578849721706864
1943,49.721723518850986,152.06642728904848,17.391382405745063,38.540394973070015,6.224416517055655,1.3590664272890485,1.6247755834829443,16.0754039497307,1.8132854578096949,1.6268115942028984,15.010771992818672,15.342908438061041,0.0,0.5870736086175943,3.0215439856373427,0.0,3.3770197486535007
1944,49.78031634446397,150.55360281195078,18.18980667838313,39.203866432337435,6.420035149384886,1.4200351493848857,1.8172231985940246,16.834797891036906,1.616871704745167,1.181184668989547,13.936731107205624,14.38488576449912,0.0,0.6133567662565905,2.975395430579965,0.0,3.256590509666081
1945,48.523316062176164,145.84974093264248,17.76511226252159,37.95682210708117,6.039723661485319,1.2573402417962003,1.7392055267702937,16.40587219343696,1.689119170984456,1.3465703971119134,14.333333333333334,13.894645941278066,0.0,0.6234887737478411,2.9032815198618307,0.0,2.9533678756476682
1946,43.3841642228739,123.65542521994135,14.593841642228739,31.60557184750733,5.247800586510264,1.1480938416422288,1.781524926686217,13.497067448680351,1.2961876832844574,0.96045197740113,12.903225806451612,14.217008797653959,0.0,0.4633431085043988,2.378299120234604,0.0,2.7346041055718473
1947,50.29896907216495,145.07903780068727,18.603092783505154,37.80584192439863,6.130584192439863,1.3814432989690721,2.689003436426117,17.371134020618555,1.3058419243986255,1.1288135593220339,15.836769759450172,15.733676975945016,0.0,0.5446735395189003,2.415807560137457,0.0,3.329896907216495
1948,51.97207678883071,147.31413612565444,19.767888307155324,38.802792321116925,6.43280977312391,1.455497382198953,2.7137870855148343,18.479930191972077,1.4171029668411868,0.976271186440678,16.794066317626527,15.734729493891798,0.0,0.5968586387434555,2.4712041884816753,0.0,3.3752181500872602
1949,51.50261780104712,147.26003490401396,19.93891797556719,38.68760907504363,6.286212914485166,1.3280977312390925,2.973821989528796,18.57242582897033,1.2739965095986039,1.0170068027210883,17.49912739965096,15.62129144851658,0.0,0.6544502617801047,2.4572425828970332,0.0,3.7207678883071553
1950,50.92720970537262,147.00693240901214,20.819757365684577,39.09705372616985,6.436741767764298,1.3743500866551126,3.5927209705372616,19.530329289428078,1.1265164644714039,0.752442996742671,17.253032928942808,16.558058925476605,0.0,0.755632582322357,2.164644714038128,0.0,3.8578856152512997
1951,48.55681818181818,138.09253246753246,18.292207792207794,36.02435064935065,5.814935064935065,1.1623376623376624,3.0243506493506493,17.084415584415584,1.405844155844156,0.9805194805194806,15.006493506493506,15.154220779220779,0.0,0.7288961038961039,2.012987012987013,0.0,3.4837662337662336
1952,46.95411392405063,133.21993670886076,16.375,33.65822784810127,5.360759493670886,1.0712025316455696,2.6914556962025316,15.302215189873417,1.2199367088607596,0.9936708860759493,13.887658227848101,16.424050632911392,0.0,0.7626582278481012,2.142405063291139,0.0,3.1107594936708862
1953,51.94709897610922,145.04607508532422,19.498293515358363,38.3259385665529,6.131399317406143,1.2713310580204777,3.5426621160409555,18.283276450511945,1.1399317406143346,0.8873720136518771,14.815699658703071,17.428327645051194,0.0,0.8310580204778157,2.1245733788395906,0.0,3.462457337883959
1954,52.901041666666664,145.72222222222223,18.796875,38.03472222222222,5.998263888888889,1.3697916666666667,3.3628472222222223,17.65277777777778,1.2065972222222223,0.9149305555555556,15.680555555555555,17.734375,0.0,0.765625,2.3125,1.3802083333333333,3.4010416666666665
1955,47.52213740458015,127.61832061068702,16.897709923664124,32.99236641221374,4.963358778625954,1.0687022900763359,3.3954198473282444,15.84885496183206,1.0595419847328245,0.8183206106870229,13.80763358778626,16.493129770992365,1.1022900763358778,0.7725190839694657,1.8122137404580152,1.0656488549618321,2.9618320610687023
1956,50.76650563607085,135.03381642512076,17.76328502415459,34.86795491143317,5.3768115942028984,1.1674718196457328,3.6940418679549114,16.634460547504027,1.1578099838969405,0.7971014492753623,14.48792270531401,18.52657004830918,1.2608695652173914,0.7745571658615137,2.0177133655394526,1.037037037037037,3.1948470209339774
1957,51.43414634146342,138.05853658536586,17.29430894308943,35.552845528455286,5.521951219512195,1.0926829268292684,3.580487804878049,16.297560975609755,1.2471544715447154,0.9073170731707317,13.279674796747967,19.427642276422763,1.2032520325203253,0.8308943089430895,1.8130081300813008,1.1170731707317074,3.203252032520325
1958,49.92006269592476,131.39028213166145,16.579937304075234,33.88871473354232,5.316614420062696,1.0266457680250785,3.510971786833856,15.60501567398119,1.1614420062695925,0.8087774294670846,12.738244514106583,19.161442006269592,1.0642633228840126,0.7821316614420063,1.6394984326018809,1.0094043887147335,3.231974921630094
1959,50.28006329113924,133.376582278481,17.17246835443038,34.234177215189874,5.503164556962025,0.935126582278481,3.560126582278481,16.102848101265824,1.3496835443037976,0.8006329113924051,12.949367088607595,19.943037974683545,1.1186708860759493,0.7848101265822784,1.7832278481012658,0.9746835443037974,2.9066455696202533
1960,50.55259026687598,131.8901098901099,16.740973312401884,33.64835164835165,5.403453689167975,1.032967032967033,3.340659340659341,15.648351648351648,1.4489795918367347,0.858712715855573,13.161695447409732,20.11773940345369,1.1444270015698588,0.7660910518053375,1.8728414442700156,1.086342229199372,3.0047095761381475
1961,52.05730659025788,139.01432664756447,18.541547277936964,35.911174785100286,5.69484240687679,1.0802292263610316,3.9111747851002865,17.280802292263612,1.498567335243553,0.8581661891117478,14.179083094555875,21.41404011461318,1.0487106017191976,0.8209169054441261,1.8696275071633237,1.0902578796561604,3.1977077363896846
1962,54.80131578947368,145.6421052631579,19.027631578947368,37.52763157894737,5.675,1.1223684210526317,3.9486842105263156,17.823684210526316,1.7736842105263158,0.9223684210526316,14.389473684210527,23.114473684210527,1.0763157894736841,0.9328947368421052,1.7907894736842105,1.1131578947368421,3.2723684210526316
1963,54.25,146.02925531914894,16.99468085106383,35.961436170212764,5.449468085106383,1.0518617021276595,3.595744680851064,15.829787234042554,1.6436170212765957,1.014627659574468,12.753989361702128,24.96409574468085,1.240691489361702,0.949468085106383,1.925531914893617,1.0226063829787233,3.0
1964,54.94827586206897,146.50397877984085,17.405835543766578,36.69628647214854,5.663129973474801,1.0079575596816976,3.663129973474801,16.224137931034484,1.5596816976127321,0.9535809018567639,12.759946949602123,25.480106100795755,1.3461538461538463,0.9204244031830239,1.9389920424403182,0.980106100795756,3.1750663129973473
1965,56.46205059920106,146.12383488681758,17.238348868175766,35.88814913448735,5.5912117177097205,1.047936085219707,3.5792276964047938,15.994673768308921,1.929427430093209,1.0466045272969373,13.363515312916112,25.676431424766978,1.5046604527296938,0.9587217043941412,1.981358189081225,1.0199733688415447,3.1464713715046604
1966,54.01033591731266,141.43023255813952,16.666666666666668,35.151162790697676,5.322997416020672,1.0594315245478036,3.543927648578811,15.501291989664082,1.87984496124031,1.1963824289405685,12.055555555555555,24.295865633074936,1.4056847545219637,0.8811369509043928,1.87984496124031,0.958656330749354,3.0426356589147288
1967,53.31424936386768,138.9376590330789,15.534351145038167,33.66921119592875,5.193384223918575,1.0076335877862594,2.9249363867684477,14.33206106870229,1.7468193384223918,1.1959287531806615,12.29643765903308,24.698473282442748,1.647582697201018,0.955470737913486,1.8829516539440203,0.9389312977099237,2.856234096692112
1968,57.323076923076925,151.91888111888113,15.537062937062936,35.95804195804196,5.411188811188811,0.9748251748251748,2.7902097902097904,14.418181818181818,2.1188811188811187,1.302097902097902,12.805594405594405,26.773426573426573,1.7104895104895106,1.088111888111888,2.1076923076923078,1.053146853146853,3.1006993006993007
1969,53.86909871244635,140.86587982832617,17.006437768240342,34.958154506437765,5.1931330472103,0.9109442060085837,3.34656652360515,15.731759656652361,1.9849785407725322,1.1995708154506437,14.408798283261802,24.11266094420601,1.5407725321888412,0.9463519313304721,1.7907725321888412,0.98068669527897,3.111587982832618
1970,55.09466811751904,143.7867247007617,18.367791077257888,36.51251360174102,5.696409140369967,1.0087051142546246,3.7312295973884657,17.1512513601741,2.076169749727965,1.1730141458106638,14.936887921653971,24.346028291621327,1.5930359085963004,0.8977149075081611,1.7736670293797605,1.0772578890097932,3.2861806311207835
1971,55.46659116647792,147.841449603624,17.07021517553794,36.85956964892412,5.5843714609286526,0.9150622876557192,3.242355605889015,15.94224235560589,1.998867497168743,1.1766704416761042,14.197055492638732,23.73272933182333,1.5809739524348811,0.9297848244620611,2.0407701019252547,1.1177802944507362,3.5016987542468856
1972,52.997747747747745,140.57207207207207,15.434684684684685,34.27252252252252,5.238738738738738,0.8400900900900901,2.8536036036036037,14.358108108108109,2.03490990990991,1.2443693693693694,13.20608108108108,23.33108108108108,1.5518018018018018,0.8457207207207207,1.9797297297297298,0.9943693693693694,3.149774774774775
1973,56.22533632286996,174.62137203166228,21.604221635883906,44.86807387862797,6.891820580474934,1.04221635883905,4.092348284960422,20.12401055408971,2.683377308707124,1.6002638522427441,17.282321899736147,26.857519788918207,1.7902374670184698,0.996042216358839,2.044854881266491,1.3311345646437995,4.127968337730871
1974,56.028446389496715,169.99485861182518,20.624678663239074,43.66195372750643,6.691516709511568,1.088688946015424,3.404884318766067,19.097686375321338,3.197943444730077,1.7776349614395888,16.661953727506425,25.05784061696658,1.7390745501285347,0.9948586118251928,2.2287917737789202,1.4190231362467867,3.9640102827763495
1975,55.88313120176406,170.30181347150258,21.107512953367877,43.8639896373057,7.050518134715026,1.1489637305699483,3.494818652849741,19.628238341968913,3.2694300518134716,1.7733160621761659,17.360103626943005,24.974093264248705,1.733160621761658,0.9857512953367875,2.4261658031088085,1.4080310880829014,3.9028497409326426
1976,56.908577878103834,173.74504623513872,20.464993394980183,44.38309114927345,6.922060766182298,1.2760898282694848,2.952443857331572,18.974900924702773,4.034346103038309,2.0396301188903565,16.368560105680316,24.76221928665786,1.5270805812417436,0.9035667107001321,2.368560105680317,1.5627476882430646,3.844121532364597
1977,56.69613821138211,181.78535353535352,23.741161616161616,48.02651515151515,8.132575757575758,1.4772727272727273,4.601010101010101,22.217171717171716,3.8093434343434343,2.246212121212121,17.369949494949495,27.42676767676768,1.6376262626262625,0.9987373737373737,2.227272727272727,1.5542929292929293,3.9633838383838382
1978,57.340625,180.34012738853502,21.97579617834395,46.507006369426755,7.880254777070063,1.2993630573248407,3.7656050955414013,20.50700636942675,3.826751592356688,2.0598726114649684,17.28152866242038,25.551592356687898,1.7044585987261147,0.9834394904458599,2.529936305732484,1.6229299363057326,3.918471337579618
1979,57.37773152965661,186.6562091503268,24.46143790849673,49.55686274509804,8.38562091503268,1.3934640522875816,4.487581699346405,22.951633986928105,3.899346405228758,2.088888888888889,17.779084967320262,26.18954248366013,1.7856209150326798,0.9856209150326798,2.4784313725490197,1.7176470588235293,4.347712418300653
1980,59.33263157894737,184.1123882503193,23.056194125159642,48.71519795657726,8.10344827586207,1.3742017879948913,3.942528735632184,21.61941251596424,4.206896551724138,2.0561941251596423,16.845466155810982,25.813537675606643,1.8326947637292466,0.8390804597701149,2.40485312899106,1.6551724137931034,4.295019157088123
1981,39.97457627118644,124.79128137384411,14.725231175693526,31.911492734478202,5.284015852047556,0.8705416116248349,2.352708058124174,13.805812417437252,2.669749009247028,1.453104359313078,11.714663143989432,17.486129458388376,1.1822985468956406,0.6129458388375165,1.6538969616908852,1.095112285336856,2.916776750330251
1982,56.54939516129032,184.09833971902938,23.12899106002554,48.08556832694764,8.066411238825031,1.2311621966794382,4.315453384418902,21.735632183908045,4.056194125159642,2.0651340996168583,16.988505747126435,27.102171136653894,1.6845466155810984,0.8646232439335888,2.2222222222222223,1.5593869731800767,4.019157088122605
1983,56.05168986083499,175.26007326007326,22.185592185592185,45.717948717948715,7.891330891330892,1.2612942612942613,4.03052503052503,20.83882783882784,4.05982905982906,1.9768009768009769,16.505494505494507,26.515262515262517,1.6837606837606838,0.8754578754578755,1.9059829059829059,1.5335775335775337,4.024420024420024
1984,58.07113821138211,180.91698113207548,22.542138364779873,47.020125786163526,7.815094339622641,1.2389937106918238,4.09811320754717,21.10440251572327,3.8138364779874214,1.90062893081761,16.754716981132077,28.30188679245283,1.5974842767295598,0.8402515723270441,1.8050314465408805,1.6176100628930818,4.016352201257861
1985,57.177354709418836,182.2611464968153,23.205095541401274,46.85095541401274,8.182165605095541,1.2292993630573248,4.588535031847134,21.820382165605096,3.9452229299363055,1.8229299363057325,17.628025477707006,28.6,1.7031847133757962,0.8904458598726115,1.973248407643312,1.457324840764331,4.197452229299363
1986,56.094395280235986,177.55086848635236,23.008684863523573,45.75682382133995,8.078163771712159,1.0607940446650124,4.730769230769231,21.583126550868485,4.109181141439206,2.009925558312655,17.65136476426799,30.65260545905707,1.599255583126551,1.0074441687344913,1.879652605459057,1.4578163771712158,3.869727047146402
1987,54.67652671755725,171.33769322235435,23.642092746730082,45.059453032104635,8.077288941736029,1.065398335315101,5.300832342449465,22.250891795481568,4.262782401902497,1.8180737217598097,17.10939357907253,29.84423305588585,1.530321046373365,1.0011890606420928,1.7300832342449466,1.319857312722949,3.714625445897741
1988,54.16328502415459,174.5018359853121,21.272949816401468,44.362301101591186,7.81640146878825,1.0281517747858018,3.8922888616891065,19.851897184822523,4.040391676866585,1.7356181150550796,15.892288861689106,28.586291309669523,1.6731946144430845,1.1236230110159118,1.9951040391676866,1.5483476132190943,3.778457772337821
1989,53.25349487418453,166.45804195804195,20.285547785547784,42.2995337995338,7.3508158508158505,1.0116550116550116,3.593240093240093,18.914918414918414,3.6317016317016315,1.6794871794871795,15.766899766899767,27.564102564102566,1.6853146853146854,0.9335664335664335,1.8951048951048952,1.4452214452214451,3.571095571095571
1990,52.19730941704036,163.35011441647598,20.502288329519452,42.12471395881007,7.466819221967963,0.9897025171624714,3.7951945080091534,19.226544622425628,3.7643020594965675,1.7276887871853548,15.848970251716247,27.291762013729976,1.5835240274599542,0.9851258581235698,1.7837528604118993,1.44279176201373,3.5205949656750573
1991,54.377532228360955,167.40983606557376,21.22599531615925,42.80796252927401,7.610070257611241,1.0468384074941453,3.96135831381733,19.962529274004684,3.6533957845433256,1.834894613583138,16.374707259953162,28.559718969555036,1.4391100702576112,1.059718969555035,1.901639344262295,1.4625292740046838,3.537470725995316
1992,54.72795497185741,170.31585220500597,20.66865315852205,43.55661501787843,7.822407628128724,1.0071513706793802,3.6209773539928487,19.40643623361144,3.890345649582837,1.9082240762812872,16.30750893921335,28.054827175208583,1.567342073897497,1.168057210965435,1.9845053635280094,1.5423122765196662,3.705601907032181
1993,53.24576271186441,164.36373276776246,22.12513255567338,43.571580063626726,7.899257688229056,0.9968186638388123,4.273594909862142,20.78048780487805,3.4602332979851536,1.76033934252386,16.023329798515377,27.900318133616118,1.5662778366914103,1.2725344644750796,1.9204665959703076,1.5164369034994698,3.638388123011665
1994,42.78543689320389,137.14676616915423,19.592039800995025,36.993781094527364,7.1181592039801,0.8731343283582089,4.111940298507463,18.480099502487562,2.808457711442786,1.2835820895522387,13.84452736318408,24.584577114427862,1.2537313432835822,1.0895522388059702,1.5012437810945274,1.2338308457711442,3.037313432835821
1995,45.50997605746209,142.2700205338809,20.075975359342916,37.96201232032854,7.143737166324435,0.8459958932238193,4.189938398357289,18.928131416837783,3.01129363449692,1.2905544147843941,14.620123203285422,26.10369609856263,1.1344969199178645,1.2515400410677617,1.5277207392197125,1.2043121149897331,3.228952772073922
1996,51.11811652035116,160.32822085889572,23.344580777096116,43.2719836400818,8.166666666666666,0.8742331288343558,5.07361963190184,22.05521472392638,3.3118609406952966,1.3732106339468302,16.455010224948875,29.96728016359918,1.3711656441717792,1.4355828220858895,1.5787321063394684,1.4314928425357873,3.6901840490797544
1997,51.85760517799353,136.82922535211267,19.017605633802816,36.506161971830984,7.045774647887324,0.7772887323943662,4.084507042253521,18.016725352112676,2.9119718309859155,1.3767605633802817,13.790492957746478,26.35299295774648,1.028169014084507,1.2755281690140845,1.3882042253521127,1.2174295774647887,3.028169014084507
1998,51.56278366111952,137.99834847233691,19.237819983484723,36.73740710156895,7.218001651527663,0.7423616845582164,4.1816680429397195,18.23286540049546,2.7118084227910817,1.2427745664739884,13.581337737407102,26.336085879438482,0.8810900082576383,1.310487200660611,1.4079273327828241,1.157720891824938,3.0594549958711807
1999,52.81832178598922,141.8811544991511,20.960101867572156,38.47792869269949,7.419354838709677,0.7903225806451613,4.6926994906621395,19.91595925297114,2.904074702886248,1.2894736842105263,15.187606112054329,26.41680814940577,0.9380305602716469,1.3404074702886248,1.362478777589134,1.2427843803056027,3.257215619694397
2000,49.721820809248555,120.8742774566474,18.042630057803468,32.69219653179191,6.43135838150289,0.6878612716763006,4.113439306358382,17.14956647398844,2.11271676300578,0.9559248554913294,13.177023121387283,22.65606936416185,0.8742774566473989,1.1365606936416186,1.176300578034682,1.0939306358381502,2.8121387283236996
2001,51.16579536967887,124.1478715459298,17.325616131441375,32.76997759522031,6.581777445855116,0.6930545182972367,4.076176250933533,16.495892457057504,2.317401045556385,1.0515309932785661,11.804331590739357,24.20014936519791,1.0336071695294997,1.4115011202389842,1.200149365197909,1.0634802091112772,2.7281553398058254
2002,51.81576952236543,125.53601213040182,16.988627748294164,32.80667172100076,6.595905989385899,0.6982562547384382,3.8354814253222136,16.172858225928735,2.084912812736922,0.9719484457922669,12.316906747536013,23.801364670204702,1.1008339651250947,1.3237300985595148,1.2380591357088704,1.0606520090978013,2.915087187263078
2003,50.87899034892354,123.78396436525613,17.05864884929473,32.70749814402376,6.553080920564216,0.6933927245731255,3.8656273199703044,16.247958426132147,1.9101707498144023,0.8403860430586488,11.795842613214552,22.866369710467705,0.9769858945805494,1.3726800296956199,1.2071269487750558,0.991833704528582,2.858203414996288
2004,51.17533432392273,124.33358098068351,17.367013372956908,33.077265973254086,6.6263001485884105,0.6671619613670133,4.049777117384844,16.528974739970284,1.923476968796434,0.8172362555720654,12.052005943536404,23.646359583952453,1.026002971768202,1.37444279346211,1.286032689450223,1.012630014858841,2.8112927191679047
2005,51.454887218045116,125.06390977443608,16.785714285714285,33.07593984962406,6.66390977443609,0.6676691729323309,3.7721804511278196,15.97593984962406,1.9285714285714286,0.8037593984962406,11.433834586466165,23.040601503759397,0.9142857142857143,1.3511278195488723,1.218045112781955,0.9887218045112782,2.9383458646616543
2006,50.31349782293179,121.43759071117562,17.1255442670537,32.70899854862119,6.629172714078375,0.690856313497823,3.9085631349782295,16.321480406386065,2.0079825834542815,0.8055152394775036,11.5,22.971698113207548,1.02322206095791,1.318577648766328,1.1981132075471699,1.0130624092888243,2.862844702467344
2007,50.64476534296029,121.14296028880867,16.83898916967509,32.47436823104693,6.64043321299639,0.6772563176895307,3.579061371841155,16.070036101083033,2.1068592057761735,0.7234657039711191,11.609386281588447,23.24115523465704,0.9552346570397112,1.2671480144404332,1.111913357400722,1.0404332129963898,2.875812274368231
2008,50.227436823104696,120.37111913357401,16.306859205776174,31.748736462093863,6.508303249097473,0.6397111913357401,3.5220216606498194,15.553068592057762,2.0209386281588446,0.7472924187725631,11.795667870036102,23.742960288808664,0.9458483754512635,1.2072202166064983,1.1018050541516244,0.9855595667870036,2.803610108303249
2009,49.73919308357349,119.48775216138328,16.152017291066283,31.35734870317003,6.294668587896253,0.6837175792507204,3.632564841498559,15.39193083573487,2.139769452449568,0.8162824207492796,11.97406340057637,24.20100864553314,0.8494236311239193,1.1455331412103746,1.1779538904899136,0.984149855907781,2.7348703170028816
2010,50.82669616519174,121.94174041297936,15.71386430678466,31.382005899705014,6.258112094395281,0.6386430678466076,3.4019174041297937,14.96165191740413,2.1821533923303833,0.831858407079646,11.635693215339233,25.299410029498524,0.8967551622418879,1.142330383480826,1.1386430678466077,0.9594395280235988,2.7426253687315634
2011,49.480921526277896,119.29805615550755,14.980561555075594,30.429805615550755,6.046796256299496,0.646508279337653,3.277177825773938,14.257739380849532,2.360691144708423,0.9078473722102232,10.812095032397409,24.829373650107993,0.8862491000719942,1.118790496760259,1.2001439884809215,0.9172066234701224,2.536357091432685
2012,49.37428977272727,117.36576704545455,14.926846590909092,29.874289772727273,5.8671875,0.6583806818181818,3.5042613636363638,14.203125,2.2933238636363638,0.8068181818181818,10.446732954545455,25.870738636363637,0.7492897727272727,1.0610795454545454,1.0504261363636365,0.8686079545454546,2.5667613636363638
2013,49.1611071682044,117.8637331440738,14.375443577004969,29.874378992193044,5.835344215755855,0.5479063165365508,3.3080198722498224,13.67707594038325,1.9112845990063876,0.7146912704045423,10.390347764371896,26.053938963804118,0.7224982256919801,1.0901348474095103,0.9815471965933286,0.865152590489709,2.6486870120652943
2014,48.47665505226481,115.41045296167248,13.770731707317074,28.986062717770036,5.670383275261324,0.5916376306620209,2.9170731707317072,13.062717770034844,1.9261324041811847,0.7212543554006968,9.770034843205575,26.091289198606272,0.686411149825784,1.1512195121951219,0.9358885017421603,0.8898954703832752,2.5149825783972126
2015,47.4656796769852,111.36473755047106,13.89434724091521,28.33512786002692,5.5464333781965,0.6318977119784657,3.30349932705249,13.223418573351278,1.6857335127860027,0.7160161507402423,9.470390309555855,25.199192462987888,0.6399730820995962,1.0780619111709286,0.8075370121130552,0.82907133243607,2.516150740242261
